Date,Open Price,High Price,Low Price,Last Price,Adj. Close,nothing
10/1/2014,17.01,18.709999,16.01,16.01,16.01,24800200
10/2/2014,16.25,16.379999,14.5,14.7,14.7,6265700
10/3/2014,15.3,15.3,13.52,13.75,13.75,3092300
10/6/2014,13.75,14,12,13.05,13.05,3151400
10/7/2014,12.95,14.65,12.77,13.93,13.93,2101800
10/8/2014,14.34,14.74,13.6,13.77,13.77,1169300
10/9/2014,13.65,14,12.24,12.37,12.37,1482000
10/10/2014,12.37,12.82,11.56,11.83,11.83,1124100
10/13/2014,11.62,12.5,11,11.09,11.09,851400
10/14/2014,11.1,11.45,10.56,10.78,10.78,1047700
10/15/2014,10.7,10.7,9.66,10.47,10.47,1348700
10/16/2014,10,11.99,9.94,11.88,11.88,770700
10/17/2014,12.32,13.68,12.26,12.61,12.61,1008700
10/20/2014,12.48,12.94,12.12,12.53,12.53,482000
10/21/2014,12.81,13.68,12.56,13.66,13.66,537800
10/22/2014,13.97,13.97,13.1,13.16,13.16,554800
10/23/2014,13.49,13.547,12.876,13.07,13.07,325200
10/24/2014,13.01,13.83,13.01,13.64,13.64,343900
10/27/2014,14.1,14.7,13.6,13.74,13.74,906800
10/28/2014,13.66,14.14,13.65,14.03,14.03,375200
10/29/2014,14.21,14.21,13.57,13.72,13.72,233700
10/30/2014,14.04,14.19,13.61,13.75,13.75,351900
10/31/2014,13.99,14.35,13.71,14.08,14.08,645800
11/3/2014,14.05,15.45,13.99,14.96,14.96,1023500
11/4/2014,14.88,15.3,14.54,14.96,14.96,629300
11/5/2014,15.1,15.14,13.64,14.12,14.12,906400
11/6/2014,14.09,14.48,13.74,14.18,14.18,466400
11/7/2014,14,14.26,13.86,14.24,14.24,430400
11/10/2014,14.21,15,14.2,14.74,14.74,927000
11/11/2014,13,13,11.18,11.42,11.42,4273500
11/12/2014,11.67,12.4,11.56,12.33,12.33,1522000
11/13/2014,12.48,12.57,11.6,11.7,11.7,828600
11/14/2014,11.91,12.19,11.78,11.93,11.93,650800
11/17/2014,11.9,12,11.31,11.37,11.37,693700
11/18/2014,11.3,11.76,11.22,11.25,11.25,621200
11/19/2014,11.18,11.34,10.65,10.71,10.71,748600
11/20/2014,10.6,11.13,10.52,10.75,10.75,616900
11/21/2014,10.99,11.04,10.75,10.87,10.87,527200
11/24/2014,10.94,10.953,10.57,10.66,10.66,548100
11/25/2014,10.67,10.84,10.58,10.67,10.67,779000
11/26/2014,10.7,10.7,10.15,10.19,10.19,838600
11/28/2014,10.01,10.1,9.76,10.1,10.1,492800
12/1/2014,10.02,10.091,9.02,9.03,9.03,1061200
12/2/2014,9.16,9.35,8.01,8.48,8.48,1838800
12/3/2014,8.75,9.56,8.64,9.45,9.45,1108800
12/4/2014,9.25,9.47,9,9.27,9.27,433600
12/5/2014,9.27,10.15,9.27,10.03,10.03,889600
12/8/2014,10,10.02,9.03,9.12,9.12,776600
12/9/2014,8.85,9.2,8.5,9.14,9.14,594800
12/10/2014,9.04,9.054,8.5,8.6,8.6,717500
12/11/2014,8.7,8.73,7.97,8,8,1279100
12/12/2014,7.93,8.39,7.42,8.08,8.08,1530900
12/15/2014,8.59,8.9,8.16,8.19,8.19,1265400
12/16/2014,8.1,8.85,8.04,8.15,8.15,1345400
12/17/2014,8.2,8.83,7.9,8.82,8.82,1422400
12/18/2014,9.02,9.48,8.77,9.45,9.45,1993800
12/19/2014,9.45,9.499,9.1,9.31,9.31,3955600
12/22/2014,9.33,9.5,8.86,8.96,8.96,776300
12/23/2014,8.98,9.03,8.51,8.79,8.79,684300
12/24/2014,8.84,9,8.78,8.97,8.97,200600
12/26/2014,9.09,9.48,8.98,9.45,9.45,825900
12/29/2014,9.35,9.68,9.31,9.52,9.52,827200
12/30/2014,9.48,9.57,9.4,9.48,9.48,1186900
12/31/2014,9.42,9.45,9.09,9.22,9.22,679400
1/2/2015,9.22,9.32,8.81,9.24,9.24,619000
1/5/2015,9.05,9.12,8.72,8.75,8.75,901700
1/6/2015,8.75,8.883,8.231,8.49,8.49,750100
1/7/2015,8.57,8.59,8.03,8.16,8.16,848000
1/8/2015,8.24,8.32,8.09,8.3,8.3,527900
1/9/2015,8.32,8.59,8.26,8.51,8.51,326700
1/12/2015,8.49,8.55,8.02,8.34,8.34,603900
1/13/2015,8.5,9.35,8.376,9.24,9.24,1129100
1/14/2015,9.03,9.48,8.98,9.37,9.37,756600
1/15/2015,9.38,9.478,8.51,8.54,8.54,563300
1/16/2015,8.54,8.66,8.3,8.48,8.48,498300
1/20/2015,8.5,8.5,8.13,8.25,8.25,484400
1/21/2015,8.19,8.25,8.05,8.18,8.18,543500
1/22/2015,8.18,8.21,8.07,8.2,8.2,427500
1/23/2015,8.21,8.21,8.05,8.1,8.1,359400
1/26/2015,8.13,8.38,8.05,8.36,8.36,791600
1/27/2015,8.22,8.34,8.12,8.18,8.18,495500
1/28/2015,8.25,8.31,8.09,8.11,8.11,369800
1/29/2015,8.13,8.2,7.7,8.18,8.18,536500
1/30/2015,8.17,8.21,7.89,7.94,7.94,414600
2/2/2015,7.99,8.37,7.96,8.26,8.26,587500
2/3/2015,8.35,9.08,8.35,8.96,8.96,920200
2/4/2015,8.9,9,8.29,8.31,8.31,762000
2/5/2015,8.39,8.49,8.22,8.25,8.25,497400
2/6/2015,8.3,8.45,8.15,8.19,8.19,556400
2/9/2015,8.2,8.4,8.197,8.3,8.3,428700
2/10/2015,8.42,8.47,8.14,8.2,8.2,388200
2/11/2015,8.23,8.249,8.01,8.04,8.04,744400
2/12/2015,8.14,8.4,8.1,8.33,8.33,689700
2/13/2015,8.39,8.45,8.15,8.39,8.39,461000
2/17/2015,8.5,8.5,8.17,8.25,8.25,546500
2/18/2015,8.25,8.4,8.25,8.4,8.4,446400
2/19/2015,8.3,8.3,8.13,8.27,8.27,718200
2/20/2015,8.32,8.32,8.01,8.14,8.14,638500
2/23/2015,8.19,8.24,8.01,8.08,8.08,499300
2/24/2015,8.27,8.29,8.04,8.06,8.06,697500
2/25/2015,8.13,8.19,8.02,8.08,8.08,374300
2/26/2015,8.2,8.2,8.05,8.17,8.17,364800
2/27/2015,8.19,8.28,8.05,8.07,8.07,592800
3/2/2015,8.07,8.24,8.03,8.13,8.13,754800
3/3/2015,8.19,8.21,8.05,8.14,8.14,716600
3/4/2015,8.22,8.67,8.19,8.53,8.53,2173300
3/5/2015,9.39,11.8,9.25,11.35,11.35,9010400
3/6/2015,11.46,11.5,10.53,10.72,10.72,3305900
3/9/2015,10.84,11.55,10.34,11.52,11.52,2551700
3/10/2015,11.34,11.77,11.01,11.5,11.5,2095000
3/11/2015,11.65,12.05,11.23,11.62,11.62,2137700
3/12/2015,11.73,11.92,11.59,11.8,11.8,1080000
3/13/2015,11.85,11.87,11.11,11.46,11.46,1184300
3/16/2015,11.57,11.64,10.71,10.9,10.9,1626200
3/17/2015,10.79,12.4,10.52,12.23,12.23,2629500
3/18/2015,12.26,12.63,11.92,12.43,12.43,1961100
3/19/2015,12.34,13.555,12.34,13.13,13.13,2957100
3/20/2015,13.38,13.42,12.74,12.93,12.93,1608400
3/23/2015,12.94,12.97,12.24,12.29,12.29,1313100
3/24/2015,12.47,12.65,12.17,12.52,12.52,758900
3/25/2015,12.69,12.86,11.83,12.02,12.02,1357900
3/26/2015,12.04,12.146,11.53,11.66,11.66,962100
3/27/2015,11.79,12.54,11.653,11.95,11.95,1331000
3/30/2015,12,12.29,11.66,11.81,11.81,759800
3/31/2015,11.74,12.16,11.58,12.14,12.14,652500
4/1/2015,12.15,12.21,11.69,11.99,11.99,676800
4/2/2015,12.05,12.4,11.85,12.21,12.21,789900
4/6/2015,12.2,12.4,12.04,12.36,12.36,626400
4/7/2015,12.46,12.7,12.24,12.31,12.31,912400
4/8/2015,12.31,12.59,12.07,12.31,12.31,615200
4/9/2015,12.27,12.8,12.23,12.77,12.77,925900
4/10/2015,12.9,13.32,12.8,13.03,13.03,811100
4/13/2015,13.13,13.34,12.96,13.1,13.1,429100
4/14/2015,13.18,13.21,12.91,13.03,13.03,468600
4/15/2015,13.01,13.65,12.95,13.33,13.33,849400
4/16/2015,13.33,14.23,13.32,14.06,14.06,1139200
4/17/2015,14.02,14.02,13.32,13.45,13.45,1318100
4/20/2015,13.7,14.32,13.43,14.16,14.16,982200
4/21/2015,14.35,14.65,13.91,13.97,13.97,855900
4/22/2015,14,14.4,13.91,14.33,14.33,675500
4/23/2015,14.35,14.86,14.23,14.7,14.7,884800
4/24/2015,14.79,14.89,14.31,14.5,14.5,630100
4/27/2015,14.62,14.75,14.21,14.24,14.24,733400
4/28/2015,14.3,14.63,14.08,14.58,14.58,450900
4/29/2015,14.49,14.62,14.31,14.42,14.42,383500
4/30/2015,14.3,14.37,13.92,14.12,14.12,768800
5/1/2015,14.11,14.36,13.86,14.17,14.17,549100
5/4/2015,14.17,14.7,14.14,14.46,14.46,615000
5/5/2015,14.5,14.6,14.16,14.27,14.27,447500
5/6/2015,14.27,14.4,13.97,14.22,14.22,491200
5/7/2015,14.26,14.26,13.88,13.94,13.94,709700
5/8/2015,14.15,14.85,14.11,14.69,14.69,812000
5/11/2015,14.75,15.279,14.51,14.77,14.77,1034000
5/12/2015,14.71,15.05,14.35,14.97,14.97,1446100
5/13/2015,13.7,14.46,13,14.42,14.42,4540800
5/14/2015,14.34,14.392,13.62,14.15,14.15,1758600
5/15/2015,14.13,14.13,13.6,13.92,13.92,1388200
5/18/2015,13.83,14.09,13.66,14.01,14.01,828900
5/19/2015,13.9,14.15,13.757,13.9,13.9,862000
5/20/2015,14.1,14.55,13.99,14.29,14.29,1070900
5/21/2015,14.28,14.81,14.27,14.61,14.61,778000
5/22/2015,14.57,15.14,14.55,15.1,15.1,783700
5/26/2015,15.02,15.15,14.56,14.6,14.6,790400
5/27/2015,14.6,14.82,14.482,14.6,14.6,501200
5/28/2015,14.56,14.64,14.16,14.58,14.58,488100
5/29/2015,14.57,14.69,14.23,14.4,14.4,720600
6/1/2015,14.46,14.49,13.81,14.02,14.02,984900
6/2/2015,14.02,14.16,13.7,13.99,13.99,723700
6/3/2015,14.03,14.3,13.9,14.17,14.17,706500
6/4/2015,14.1,14.3,13.75,14.15,14.15,963700
6/5/2015,14.1,14.22,13.84,14.08,14.08,596500
6/8/2015,14.05,14.12,13.43,13.61,13.61,658200
6/9/2015,13.71,13.71,13.15,13.19,13.19,908600
6/10/2015,13.23,13.47,13.034,13.1,13.1,892500
6/11/2015,13.21,13.21,12.78,13.04,13.04,818600
6/12/2015,13,13.17,12.94,13.07,13.07,434100
6/15/2015,12.95,13.44,12.95,13.3,13.3,457600
6/16/2015,13.25,13.65,13.25,13.48,13.48,492000
6/17/2015,13.6,13.94,13.57,13.69,13.69,486900
6/18/2015,13.72,13.91,13.64,13.72,13.72,474900
6/19/2015,13.84,13.94,13.6,13.74,13.74,500600
6/22/2015,13.83,13.97,13.635,13.73,13.73,382900
6/23/2015,13.72,13.78,13.59,13.65,13.65,302900
6/24/2015,13.63,13.675,13.41,13.55,13.55,359700
6/25/2015,13.57,13.98,13.33,13.38,13.38,424100
6/26/2015,13.38,13.55,13.16,13.42,13.42,640000
6/29/2015,13.15,13.2,12.01,12.05,12.05,1132800
6/30/2015,12.15,12.25,11.521,12.17,12.17,1118800
7/1/2015,12.25,12.34,11.55,11.66,11.66,906100
7/2/2015,11.68,11.74,10.77,10.94,10.94,1615600
7/6/2015,10.81,10.88,9.97,10.19,10.19,1784000
7/7/2015,10.23,10.87,9.91,10.75,10.75,1696000
7/8/2015,10.65,10.94,10.13,10.17,10.17,655600
7/9/2015,10.35,10.99,10.3,10.95,10.95,992600
7/10/2015,11.13,11.4,10.88,11.34,11.34,823500
7/13/2015,11.4,11.49,11.03,11.45,11.45,623300
7/14/2015,11.43,11.57,11.15,11.24,11.24,591600
7/15/2015,11.25,11.45,10.84,11.11,11.11,814300
7/16/2015,11.02,11.19,10.75,10.89,10.89,480900
7/17/2015,10.89,11,10.68,10.88,10.88,399900
7/20/2015,15.66,15.93,15.6,15.75,15.75,13066400
7/21/2015,15.65,16,15.6,15.85,15.85,3306600
7/22/2015,15.62,15.98,15.4,15.84,15.84,1983200
7/23/2015,15.89,15.9,15.72,15.79,15.79,1325500
7/24/2015,15.77,15.87,15.61,15.85,15.85,1236400
7/27/2015,15.69,15.905,15.67,15.86,15.86,704200
7/28/2015,15.8,15.97,15.61,15.83,15.83,795900
7/29/2015,15.78,15.94,15.65,15.7,15.7,494200
7/30/2015,15.65,15.8,15.6,15.67,15.67,438400
7/31/2015,15.52,15.65,15.09,15.26,15.26,1477200
8/3/2015,15.25,15.48,15.1,15.19,15.19,644000
8/4/2015,15.15,15.51,15.15,15.16,15.16,610700
8/5/2015,15.2,15.32,14.92,15,15,567000
8/6/2015,15,15.05,13.45,13.69,13.69,1146100
8/7/2015,13.53,13.71,13.19,13.32,13.32,799900
8/10/2015,13.37,13.5,13.01,13.31,13.31,576000
8/11/2015,13.15,13.37,12.69,12.73,12.73,968400
8/12/2015,12.58,13.1,11.1,12.96,12.96,1697000
8/13/2015,12.7,14.04,12.58,13.6,13.6,753600
8/14/2015,13.53,13.97,13.49,13.64,13.64,301400
8/17/2015,13.47,13.9,13.37,13.85,13.85,307500
8/18/2015,13.88,13.9,13.29,13.58,13.58,238700
8/19/2015,13.43,13.54,13.16,13.38,13.38,226500
8/20/2015,13.37,13.41,12.97,13.17,13.17,317800
8/21/2015,12.93,13.17,12.41,12.48,12.48,470600
8/24/2015,11.76,12.79,11.01,11.85,11.85,394200
8/25/2015,12.3,12.41,11.525,11.53,11.53,269600
8/26/2015,11.88,12,10.72,11.37,11.37,971700
8/27/2015,11.33,11.55,10.91,11.27,11.27,486900
8/28/2015,11.22,12.47,11.06,12.1,12.1,528500
8/31/2015,12.05,12.5,11.849,12.44,12.44,156200
9/1/2015,12.16,12.47,12.01,12.2,12.2,199800
9/2/2015,12.33,12.44,12,12.43,12.43,138100
9/3/2015,12.37,12.96,12.338,12.89,12.89,280100
9/4/2015,12.68,13.33,12.68,12.98,12.98,345200
9/8/2015,13.26,13.42,13.08,13.26,13.26,377000
9/9/2015,13.38,13.39,12.96,13.18,13.18,212400
9/10/2015,13.19,13.21,12.82,12.99,12.99,190100
9/11/2015,12.9,13.195,12.88,13.14,13.14,176400
9/14/2015,13.08,13.14,12.6,12.66,12.66,257200
9/15/2015,12.75,13.07,12.75,13,13,209100
9/16/2015,13,13.25,12.94,13.17,13.17,151400
9/17/2015,13.18,13.42,12.945,13.04,13.04,160100
9/18/2015,12.86,13.092,12.65,12.66,12.66,425200
9/21/2015,12.84,13.05,12.73,12.82,12.82,376300
9/22/2015,12.62,12.71,12.28,12.41,12.41,185700
9/23/2015,12.45,12.51,11.82,12.14,12.14,242600
9/24/2015,12.02,12.28,11.86,12.23,12.23,85700
9/25/2015,12.31,12.31,11.71,11.73,11.73,126800
9/28/2015,11.64,11.783,10.53,10.75,10.75,266500
9/29/2015,10.84,11.11,10.12,10.2,10.2,448700
9/30/2015,10.29,10.55,10.01,10.48,10.48,331300
10/1/2015,10.53,10.67,10.16,10.61,10.61,138900
10/2/2015,10.69,11.81,10.33,11.78,11.78,220500
10/5/2015,11.88,12.93,11.59,12.55,12.55,532400
10/6/2015,12.51,12.69,12.19,12.41,12.41,144700
10/7/2015,12.49,13.05,12.47,12.67,12.67,238400
10/8/2015,12.62,12.79,12.37,12.65,12.65,321600
10/9/2015,12.65,12.83,12.59,12.71,12.71,218300
10/12/2015,12.69,12.72,12.32,12.44,12.44,115000
10/13/2015,12.39,12.71,12.35,12.35,12.35,280800
10/14/2015,12.36,12.5,12.36,12.42,12.42,94900
10/15/2015,12.41,12.75,12.41,12.73,12.73,140400
10/16/2015,12.75,12.85,12.24,12.56,12.56,230700
10/19/2015,12.48,12.65,12.1,12.2,12.2,445200
10/20/2015,12.21,12.43,12.02,12.23,12.23,147600
10/21/2015,12.18,12.26,12,12.02,12.02,173400
10/22/2015,12.04,12.23,11.63,11.89,11.89,224300
10/23/2015,11.95,11.96,11.33,11.85,11.85,193000
10/26/2015,11.84,12.04,11.42,11.52,11.52,142100
10/27/2015,11.39,11.64,10.85,11.02,11.02,220100
10/28/2015,11,11.92,10.96,11.79,11.79,102000
10/29/2015,11.66,12,11.57,11.87,11.87,84700
10/30/2015,11.78,11.99,11.52,11.83,11.83,431900
11/2/2015,11.82,11.95,11.4,11.62,11.62,127500
11/3/2015,11.56,11.87,11.292,11.5,11.5,308200
11/4/2015,11.51,11.63,11.2,11.27,11.27,251600
11/5/2015,11.24,11.542,11.06,11.12,11.12,145600
11/6/2015,11.01,11.18,10.73,11.01,11.01,123800
11/9/2015,10.81,11.02,10.65,10.73,10.73,133900
11/10/2015,10.63,10.83,10.01,10.22,10.22,735700
11/11/2015,10.21,10.21,8.915,9.52,9.52,426500
11/12/2015,9.39,9.52,9.185,9.37,9.37,363600
11/13/2015,9.2,9.5,9,9.24,9.24,280200
11/16/2015,9.26,9.6,9.24,9.57,9.57,315700
11/17/2015,9.55,9.75,6.82,7.34,7.34,1663600
11/18/2015,7.3,8.43,6.59,7.99,7.99,2479800
11/19/2015,7.81,7.99,7.31,7.63,7.63,773000
11/20/2015,7.7,7.8,7.42,7.72,7.72,322300
11/23/2015,7.75,8.32,7.72,8.02,8.02,305700
11/24/2015,8.01,8.63,7.86,8.47,8.47,221400
11/25/2015,8.37,8.37,7.78,8.07,8.07,334300
11/27/2015,8.02,8.19,7.92,8.06,8.06,45700
11/30/2015,8.08,8.2,7.98,8.09,8.09,182100
12/1/2015,8.09,8.22,7.95,8.14,8.14,212800
12/2/2015,8.01,9.18,8.01,8.73,8.73,888100
12/3/2015,8.73,8.885,8.5,8.8,8.8,536700
12/4/2015,8.77,9.1,8.32,8.59,8.59,278300
12/7/2015,8.39,8.76,8.18,8.56,8.56,271400
12/8/2015,8.42,8.56,7.68,8.39,8.39,356500
12/9/2015,9.12,10.1,9.1,9.68,9.68,2744800
12/10/2015,9.5,9.68,9.3,9.32,9.32,659300
12/11/2015,9.32,9.48,9.02,9.27,9.27,457900
12/14/2015,9.16,9.67,9.16,9.55,9.55,273800
12/15/2015,9.69,10.06,9.54,9.96,9.96,682100
12/16/2015,10.44,10.6,10.01,10.27,10.27,678300
12/17/2015,10.28,10.3,9.71,10.02,10.02,411500
12/18/2015,10.01,10.53,9.93,10.53,10.53,762900
12/21/2015,10.3,10.5,10.22,10.4,10.4,296500
12/22/2015,10.25,10.46,9.36,9.74,9.74,433900
12/23/2015,9.69,9.968,9.69,9.79,9.79,168100
12/24/2015,9.76,9.99,9.74,9.82,9.82,390400
12/28/2015,9.68,9.82,9.556,9.67,9.67,335000
12/29/2015,9.66,9.74,9.525,9.65,9.65,111600
12/30/2015,9.46,9.67,9.46,9.62,9.62,149100
12/31/2015,9.42,9.67,9.42,9.56,9.56,276300
1/4/2016,9.38,10.07,9.38,9.92,9.92,298500
1/5/2016,9.95,10.16,9.78,10.07,10.07,172600
1/6/2016,9.96,10.1,9.96,10.07,10.07,109000
1/7/2016,9.87,10.06,9.14,9.41,9.41,254600
1/8/2016,9.45,9.85,9.22,9.6,9.6,274600
1/11/2016,9.56,9.725,9.36,9.53,9.53,255900
1/12/2016,9.59,9.64,9.01,9.44,9.44,209600
1/13/2016,9.44,9.65,8.69,9.13,9.13,288000
1/14/2016,8.92,9.59,8.76,9.47,9.47,347900
1/15/2016,9.13,9.47,8.75,9.12,9.12,182800
1/19/2016,9.14,9.2,7.5,7.77,7.77,463600
1/20/2016,7.39,8.72,7.361,8.66,8.66,316600
1/21/2016,8.62,8.83,8.11,8.38,8.38,208700
1/22/2016,8.52,8.774,8.18,8.51,8.51,101900
1/25/2016,8.46,8.46,7.7,7.74,7.74,178000
1/26/2016,7.74,8.09,7.67,8.02,8.02,158400
1/27/2016,7.91,8.275,7.86,8.04,8.04,139800
1/28/2016,8.13,8.45,7.98,8.33,8.33,112800
1/29/2016,8.33,8.5,7.99,8.3,8.3,252200
2/1/2016,8.22,8.82,8.1,8.53,8.53,151300
2/2/2016,8.43,8.586,8.35,8.48,8.48,133200
2/3/2016,8.5,8.52,8,8.4,8.4,132400
2/4/2016,8.4,8.57,8.19,8.3,8.3,169200
2/5/2016,8.24,8.27,8,8.05,8.05,240200
2/8/2016,8,8.035,7.77,7.93,7.93,194600
2/9/2016,7.83,7.98,7.73,7.77,7.77,184600
2/10/2016,7.64,7.92,7.15,7.19,7.19,1002600
2/11/2016,7.06,7.06,6.16,6.27,6.27,288900
2/12/2016,6.16,6.38,5.435,5.45,5.45,690500
2/16/2016,5.7,6.37,5.52,5.96,5.96,280800
2/17/2016,5.97,6.15,5.9,6.06,6.06,239100
2/18/2016,6.05,6.08,5.92,5.99,5.99,173200
2/19/2016,5.97,5.97,5.76,5.79,5.79,148400
2/22/2016,5.83,6.08,5.8,5.85,5.85,164900
2/23/2016,5.84,6.01,5.62,5.63,5.63,168600
2/24/2016,5.46,5.85,5.44,5.51,5.51,299800
2/25/2016,5.51,5.97,5.41,5.89,5.89,337800
2/26/2016,8.01,8.3,7.7,7.93,7.93,1744900
2/29/2016,7.96,8.3,7.85,7.89,7.89,389100
3/1/2016,7.07,7.22,6.17,6.52,6.52,994000
3/2/2016,6.68,6.86,4.51,4.89,4.89,2465000
3/3/2016,4.99,5,4.63,4.7,4.7,1527200
3/4/2016,4.95,5.07,4.78,4.94,4.94,1838500
3/7/2016,4.98,5.5,4.98,5.21,5.21,1215300
3/8/2016,4.94,4.94,4.03,4.17,4.17,4020400
3/9/2016,4.37,4.44,4.07,4.22,4.22,1846300
3/10/2016,4.24,4.43,4.08,4.09,4.09,1716900
3/11/2016,4.13,4.23,4.075,4.19,4.19,970500
3/14/2016,4.2,4.22,3.92,3.96,3.96,1484700
3/15/2016,3.93,3.96,3.45,3.65,3.65,2757600
3/16/2016,3.65,3.72,3.522,3.62,3.62,958200
3/17/2016,3.42,3.52,3.34,3.46,3.46,1397200
3/18/2016,3.46,3.65,3.285,3.57,3.57,1760900
3/21/2016,3.58,3.6,3.35,3.36,3.36,1019000
3/22/2016,3.56,3.63,3.26,3.32,3.32,3034000
3/23/2016,3.27,3.278,2.92,2.96,2.96,1986200
3/24/2016,2.96,2.969,2.691,2.76,2.76,1198200
3/28/2016,2.79,2.94,2.695,2.72,2.72,1253000
3/29/2016,2.68,2.68,2.41,2.56,2.56,1991200
3/30/2016,2.6,2.7,2.545,2.62,2.62,1160100
3/31/2016,2.62,2.725,2.54,2.65,2.65,786400
4/1/2016,2.63,2.672,2.55,2.55,2.55,621200
4/4/2016,2.57,2.6,2.36,2.42,2.42,1156000
4/5/2016,2.42,2.58,2.32,2.45,2.45,1400700
4/6/2016,2.53,3.17,2.53,3.08,3.08,5975600
4/7/2016,3.3,3.4,2.9,3.01,3.01,5928900
4/8/2016,3.06,3.14,2.99,3.06,3.06,1959600
4/11/2016,3.09,3.12,2.93,3.02,3.02,1203000
4/12/2016,3,3.15,2.96,3.09,3.09,819500
4/13/2016,3.08,3.09,2.91,2.99,2.99,1339600
4/14/2016,2.97,3.33,2.65,3.01,3.01,3442200
4/15/2016,3.19,3.23,3.01,3.09,3.09,2104600
4/18/2016,2.96,3.02,2.859,3.02,3.02,1119000
4/19/2016,3.04,3.08,2.96,3.01,3.01,841900
4/20/2016,2.9,3.08,2.86,3.04,3.04,1450200
4/21/2016,3,3.28,2.92,3.17,3.17,2185500
4/22/2016,3.39,3.55,3.26,3.37,3.37,2140600
4/25/2016,3.42,3.46,3.2,3.3,3.3,975900
4/26/2016,3.31,3.4,3.25,3.34,3.34,834200
4/27/2016,3.4,3.73,3.36,3.6,3.6,1639500
4/28/2016,3.57,3.69,3.37,3.4,3.4,1167800
4/29/2016,3.41,3.49,3.3,3.34,3.34,550900
5/2/2016,3.34,3.34,3.14,3.21,3.21,628200
5/3/2016,3.13,3.14,2.77,2.87,2.87,1661800
5/4/2016,2.88,3,2.85,2.97,2.97,1085400
5/5/2016,3,3.03,2.63,2.64,2.64,1744000
5/6/2016,2.6,2.65,2.415,2.46,2.46,1143100
5/9/2016,2.48,2.52,2.38,2.48,2.48,870700
5/10/2016,2.32,2.46,2.19,2.42,2.42,2005100
5/11/2016,2.4,2.41,2.19,2.26,2.26,2846300
5/12/2016,2.26,2.3,2.2,2.22,2.22,1083300
5/13/2016,2.22,2.31,2.16,2.24,2.24,935700
5/16/2016,2.28,2.33,2.23,2.32,2.32,626600
5/17/2016,2.33,2.33,2.23,2.26,2.26,641900
5/18/2016,2.24,2.34,2.212,2.28,2.28,459800
5/19/2016,2.28,2.39,2.28,2.32,2.32,696600
5/20/2016,2.33,2.54,2.31,2.52,2.52,671900
5/23/2016,2.67,2.745,2.585,2.69,2.69,1106500
5/24/2016,2.74,2.87,2.62,2.72,2.72,1159900
5/25/2016,2.69,2.79,2.48,2.75,2.75,847400
5/26/2016,2.77,2.8,2.61,2.63,2.63,817300
5/27/2016,2.87,3.88,2.8,3.74,3.74,19962700
5/31/2016,3.76,4.06,3.54,3.59,3.59,6040300
6/1/2016,3.5,3.7,3.23,3.29,3.29,2828600
6/2/2016,3.28,3.56,3.25,3.29,3.29,1975900
6/3/2016,3.32,3.32,3.18,3.21,3.21,1130300
6/6/2016,3.27,3.34,3.2,3.26,3.26,692900
6/7/2016,3.28,3.42,3.26,3.28,3.28,1157100
6/8/2016,3.32,3.39,3.28,3.35,3.35,770800
6/9/2016,3.34,3.34,3.241,3.28,3.28,513700
6/10/2016,3.27,3.305,3.11,3.19,3.19,1031900
6/13/2016,3.16,3.2,2.92,2.95,2.95,1311300
6/14/2016,2.97,3.04,2.82,2.89,2.89,1005800
6/15/2016,2.94,3.14,2.9,2.96,2.96,1020000
6/16/2016,2.95,3.08,2.82,3.04,3.04,775000
6/17/2016,3.06,3.3,3.01,3.28,3.28,1490500
6/20/2016,3.35,3.44,3.26,3.33,3.33,957000
6/21/2016,3.28,3.33,3.19,3.27,3.27,810200
6/22/2016,3.35,3.35,3,3.01,3.01,713100
6/23/2016,3.01,3.16,3.01,3.1,3.1,876400
6/24/2016,2.92,3.03,2.88,2.96,2.96,1306800
6/27/2016,2.88,2.89,2.66,2.67,2.67,1083200
6/28/2016,2.77,2.835,2.7,2.8,2.8,726800
6/29/2016,2.89,3.08,2.81,3.05,3.05,1156100
6/30/2016,3.05,3.14,2.98,3.07,3.07,755900
7/1/2016,3.08,3.12,2.98,3,3,469200
7/5/2016,2.94,3,2.86,2.88,2.88,466200
7/6/2016,2.86,2.93,2.8,2.85,2.85,487900
7/7/2016,2.86,2.94,2.8,2.84,2.84,615900
7/8/2016,2.88,2.9,2.79,2.82,2.82,541900
7/11/2016,2.81,2.9,2.75,2.84,2.84,642900
7/12/2016,2.89,2.9,2.84,2.84,2.84,504700
7/13/2016,2.83,2.88,2.74,2.75,2.75,821100
7/14/2016,2.8,3.11,2.74,3.01,3.01,1765400
7/15/2016,3.06,3.14,3.01,3.1,3.1,892600
7/18/2016,3.06,3.19,2.98,3.17,3.17,797800
7/19/2016,3.14,3.147,3.07,3.09,3.09,403800
7/20/2016,3.1,3.2,3.04,3.16,3.16,781700
7/21/2016,3.14,3.19,3.03,3.09,3.09,572000
7/22/2016,3.08,3.1,2.974,3.06,3.06,416500
7/25/2016,3.05,3.15,3.025,3.07,3.07,389400
7/26/2016,3.05,3.14,3.05,3.12,3.12,389300
7/27/2016,3.15,3.15,3.06,3.06,3.06,313600
7/28/2016,3.04,3.07,3,3.03,3.03,359800
7/29/2016,3.03,3.06,2.92,3.02,3.02,379400
8/1/2016,2.99,3.049,2.91,2.94,2.94,399500
8/2/2016,2.98,3,2.84,2.84,2.84,728900
8/3/2016,2.87,2.88,2.83,2.85,2.85,389400
8/4/2016,2.86,2.886,2.78,2.78,2.78,565200
8/5/2016,2.86,3,2.81,2.97,2.97,1753800
8/8/2016,3.1,3.27,3.02,3.19,3.19,2365600
8/9/2016,3.6,3.7,3.45,3.49,3.49,7304800
8/10/2016,3.4,3.48,3.26,3.37,3.37,1472400
8/11/2016,3.44,3.455,3.315,3.38,3.38,1096200
8/12/2016,3.4,3.4,3.21,3.23,3.23,845000
8/15/2016,3.25,3.36,3.21,3.3,3.3,1031100
8/16/2016,3.28,3.35,3.25,3.29,3.29,608200
8/17/2016,3.29,3.31,3.24,3.25,3.25,477100
8/18/2016,3.28,3.34,3.27,3.28,3.28,500100
8/19/2016,3.31,3.31,3.22,3.26,3.26,578000
8/22/2016,3.26,3.26,3.155,3.24,3.24,518300
8/23/2016,3.25,3.29,3.2,3.22,3.22,388900
8/24/2016,3.21,3.26,3.19,3.21,3.21,547400
8/25/2016,3.19,3.24,3.18,3.23,3.23,414500
8/26/2016,3.24,3.32,3.19,3.24,3.24,476000
8/29/2016,3.25,3.31,3.185,3.2,3.2,629800
8/30/2016,3.24,3.24,3.13,3.15,3.15,503500
8/31/2016,3.12,3.18,3.11,3.18,3.18,388300
9/1/2016,3.17,3.2,3.14,3.2,3.2,537600
9/2/2016,3.2,3.271,3.17,3.26,3.26,472000
9/6/2016,3.28,3.3,3.25,3.25,3.25,285800
9/7/2016,3.28,3.28,3.19,3.19,3.19,466700
9/8/2016,3.31,3.34,3.22,3.33,3.33,886700
9/9/2016,3.31,3.315,3.22,3.22,3.22,777100
9/12/2016,3.18,3.21,3.145,3.18,3.18,740400
9/13/2016,3.18,3.18,2.9,2.98,2.98,935600
9/14/2016,2.99,3.07,2.93,3.02,3.02,314000
9/15/2016,3.05,3.05,2.95,3.02,3.02,266300
9/16/2016,3.03,3.04,2.96,2.99,2.99,661100
9/19/2016,2.99,3.02,2.9,2.99,2.99,562500
9/20/2016,2.97,3.06,2.92,2.94,2.94,454400
9/21/2016,2.95,3.05,2.9,2.93,2.93,447300
9/22/2016,2.93,2.99,2.93,2.96,2.96,556900
9/23/2016,2.98,3.08,2.98,3.02,3.02,817000
9/26/2016,3.02,3.06,2.93,2.99,2.99,433700
9/27/2016,2.97,3.13,2.97,3.1,3.1,816300
9/28/2016,3.1,3.2,3.06,3.15,3.15,395900
9/29/2016,3.17,3.18,3.12,3.16,3.16,519700
9/30/2016,3.15,3.21,3.12,3.16,3.16,400500
10/3/2016,3.15,3.25,3.11,3.12,3.12,439400
10/4/2016,3.12,3.178,3.04,3.05,3.05,450600
10/5/2016,3.08,3.18,3.05,3.18,3.18,377700
10/6/2016,3.19,3.25,3.12,3.18,3.18,384200
10/7/2016,3.33,3.35,3.17,3.19,3.19,853300
10/10/2016,3.2,3.24,3.18,3.2,3.2,391000
10/11/2016,3.2,3.23,3.17,3.19,3.19,322600
10/12/2016,3.2,3.23,3.16,3.16,3.16,247000
10/13/2016,3.16,3.18,3.1,3.1,3.1,270700
10/14/2016,3.13,3.24,3.11,3.21,3.21,396700
10/17/2016,3.25,3.25,3.1,3.15,3.15,354100
10/18/2016,3.15,3.25,3.15,3.15,3.15,268800
10/19/2016,3.15,3.2,3.1,3.2,3.2,238700
10/20/2016,3.2,3.25,3.2,3.25,3.25,384200
10/21/2016,3.2,3.3,3.2,3.3,3.3,171100
10/24/2016,3.3,3.35,3.25,3.3,3.3,130700
10/25/2016,3.25,3.35,3.25,3.3,3.3,267600
10/26/2016,3.3,3.3,3.1,3.1,3.1,220400
10/27/2016,3.15,3.2,3.1,3.15,3.15,303000
10/28/2016,3.15,3.15,3.1,3.15,3.15,129600
10/31/2016,3.15,3.15,3,3.1,3.1,257000
11/1/2016,3.1,3.1,2.9,3,3,466400
11/2/2016,2.95,2.97,2.9,2.9,2.9,236000
11/3/2016,2.9,2.95,2.9,2.9,2.9,140700
11/4/2016,2.9,2.95,2.85,2.85,2.85,316200
11/7/2016,2.95,2.95,2.85,2.9,2.9,566000
11/8/2016,3,3.25,3,3.2,3.2,653400
11/9/2016,2.6,3,2.5,3,3,1111300
11/10/2016,2.9,2.95,2.85,2.9,2.9,386200
11/11/2016,2.85,2.9,2.85,2.9,2.9,381300
11/14/2016,3,3,2.85,2.9,2.9,148100
11/15/2016,2.85,2.9,2.75,2.75,2.75,272500
11/16/2016,2.8,2.85,2.75,2.8,2.8,195800
11/17/2016,2.85,2.85,2.75,2.75,2.75,233800
11/18/2016,2.75,2.8,2.7,2.75,2.75,182000
11/21/2016,2.7,2.75,2.65,2.7,2.7,291100
11/22/2016,2.65,2.7,2.65,2.7,2.7,243800
11/23/2016,2.65,2.9,2.65,2.9,2.9,433100
11/25/2016,2.9,2.95,2.8,2.95,2.95,166600
11/28/2016,3,3,2.9,2.95,2.95,260200
11/29/2016,3,3.05,2.95,2.95,2.95,310900
11/30/2016,3,3,2.85,2.9,2.9,205700
12/1/2016,2.85,2.95,2.85,2.9,2.9,143400
12/2/2016,2.9,2.95,2.85,2.85,2.85,155700
12/5/2016,2.95,2.95,2.85,2.95,2.95,169900
12/6/2016,2.95,2.95,2.9,2.95,2.95,210600
12/7/2016,2.95,3,2.9,2.95,2.95,538000
12/8/2016,2.95,3,2.95,2.95,2.95,347800
12/9/2016,2.95,3,2.95,3,3,340900
12/12/2016,2.95,3.05,2.95,3.05,3.05,234600
12/13/2016,3.05,3.05,2.9,2.95,2.95,443800
12/14/2016,2.9,3,2.8,2.85,2.85,280500
12/15/2016,2.85,2.85,2.8,2.8,2.8,216900
12/16/2016,2.8,2.9,2.8,2.9,2.9,488000
12/19/2016,2.95,3,2.921,3,3,314400
12/20/2016,3,3.05,2.95,2.95,2.95,336000
12/21/2016,3,3,2.75,2.8,2.8,368500
12/22/2016,2.85,2.85,2.8,2.85,2.85,136300
12/23/2016,2.85,2.85,2.75,2.8,2.8,235300
12/27/2016,2.75,2.85,2.75,2.85,2.85,350500
12/28/2016,2.8,2.85,2.75,2.75,2.75,252200
12/29/2016,2.75,2.8,2.7,2.7,2.7,317500
12/30/2016,2.7,2.725,2.55,2.55,2.55,890100
1/3/2017,2.6,2.7,2.55,2.7,2.7,355600
1/4/2017,2.7,2.75,2.65,2.7,2.7,333600
1/5/2017,2.75,2.8,2.75,2.75,2.75,161300
1/6/2017,2.75,2.8,2.75,2.8,2.8,144500
1/9/2017,2.75,2.8,2.75,2.8,2.8,215600
1/10/2017,2.8,2.95,2.8,2.95,2.95,424400
1/11/2017,2.95,3.05,2.95,3.05,3.05,518400
1/12/2017,3,3.05,2.85,2.95,2.95,321100
1/13/2017,3,3.05,2.95,3.05,3.05,223800
1/17/2017,3.05,3.1,2.95,3,3,294900
1/18/2017,2.95,3,2.95,2.95,2.95,111800
1/19/2017,3,3,2.95,2.95,2.95,70400
1/20/2017,2.95,3.05,2.95,3.05,3.05,193100
1/23/2017,3,3.05,2.95,3,3,132100
1/24/2017,3,3.05,2.95,3.05,3.05,180000
1/25/2017,3.05,3.05,2.95,3.05,3.05,305300
1/26/2017,3.05,3.05,3,3.05,3.05,123700
1/27/2017,3,3.05,3,3,3,101700
1/30/2017,3,3.05,3,3.05,3.05,179500
1/31/2017,3.05,3.1,2.95,3.05,3.05,403400
2/1/2017,3.05,3.1,3,3.1,3.1,249600
2/2/2017,3.05,3.1,3,3.1,3.1,109900
2/3/2017,3.05,3.1,3,3.1,3.1,270100
2/6/2017,3.1,3.1,3.05,3.1,3.1,185300
2/7/2017,3.05,3.1,3,3.05,3.05,353700
2/8/2017,3.05,3.05,3,3.05,3.05,198400
2/9/2017,3.05,3.1,3,3.05,3.05,169700
2/10/2017,3.05,3.1,3,3.05,3.05,246700
2/13/2017,3.05,3.1,3,3.1,3.1,261000
2/14/2017,3.1,3.1,3.05,3.1,3.1,346900
2/15/2017,3.1,3.3,3.1,3.3,3.3,584700
2/16/2017,3.3,3.35,3.2,3.25,3.25,278700
2/17/2017,3.3,3.3,3.2,3.3,3.3,178200
2/21/2017,3.35,3.35,3.25,3.3,3.3,442200
2/22/2017,3.3,3.4,3.2,3.35,3.35,454500
2/23/2017,3.35,3.4,3.25,3.35,3.35,260000
2/24/2017,3.35,3.5,3.35,3.5,3.5,503900
2/27/2017,3.55,3.65,3.55,3.6,3.6,530900
2/28/2017,3.6,3.7,3.45,3.45,3.45,516100
3/1/2017,3.5,3.5,3.4,3.5,3.5,160700
3/2/2017,3.55,3.55,3.15,3.2,3.2,585700
3/3/2017,3.25,3.3,3.1,3.15,3.15,243100
3/6/2017,3.1,3.25,3.05,3.1,3.1,192700
3/7/2017,3.1,3.1,3,3,3,256000
3/8/2017,3,3.05,2.9,2.95,2.95,378800
3/9/2017,2.9,2.95,2.9,2.9,2.9,254700
3/10/2017,2.95,2.985,2.8,2.8,2.8,267900
3/13/2017,2.9,3,2.85,2.9,2.9,267600
3/14/2017,2.9,2.931,2.75,2.8,2.8,430800
3/15/2017,2.8,2.85,2.75,2.8,2.8,585100
3/16/2017,2.8,2.85,2.75,2.75,2.75,746600
3/17/2017,2.95,3.15,2.75,2.75,2.75,2136300
3/20/2017,2.8,2.85,2.75,2.75,2.75,467500
3/21/2017,2.75,2.8,2.7,2.8,2.8,408200
3/22/2017,2.75,2.8,2.65,2.65,2.65,517000
3/23/2017,2.65,2.8,2.65,2.75,2.75,362500
3/24/2017,2.8,2.8,2.7,2.7,2.7,285400
3/27/2017,2.7,2.75,2.65,2.7,2.7,314500
3/28/2017,2.65,2.7,2.65,2.65,2.65,335800
3/29/2017,2.7,2.7,2.65,2.65,2.65,279100
3/30/2017,2.7,2.8,2.65,2.8,2.8,305900
3/31/2017,2.75,2.8,2.75,2.8,2.8,217700
4/3/2017,2.8,3,2.75,2.95,2.95,739700
4/4/2017,2.95,3.1,2.95,3.05,3.05,409400
4/5/2017,3.1,3.1,2.9,2.95,2.95,390000
4/6/2017,2.95,2.95,2.85,2.85,2.85,155200
4/7/2017,2.85,3,2.85,3,3,201800
4/10/2017,2.95,3,2.896,3,3,174000
4/11/2017,3,3.05,2.9,2.95,2.95,240900
4/12/2017,2.95,3,2.9,2.95,2.95,153700
4/13/2017,2.95,3,2.85,2.9,2.9,227800
4/17/2017,2.85,2.9,2.75,2.75,2.75,298300
4/18/2017,2.75,2.85,2.75,2.8,2.8,151100
4/19/2017,2.8,2.85,2.75,2.75,2.75,134700
4/20/2017,2.8,2.8,2.75,2.75,2.75,181700
4/21/2017,2.75,2.85,2.7,2.75,2.75,490900
4/24/2017,2.8,2.9,2.75,2.85,2.85,269900
4/25/2017,2.9,2.95,2.85,2.95,2.95,245300
4/26/2017,2.9,3,2.9,2.95,2.95,199000
4/27/2017,2.95,2.95,2.8,2.9,2.9,654700
4/28/2017,2.9,3.05,2.85,3,3,489600
5/1/2017,3.05,3.05,2.8,2.95,2.95,644500
5/2/2017,2.95,3.05,2.9,3,3,182000
5/3/2017,3,3.05,2.95,3,3,188600
5/4/2017,2.95,3,2.9,2.9,2.9,199800
5/5/2017,2.9,2.95,2.9,2.95,2.95,118600
5/8/2017,2.95,3,2.9,3,3,166000
5/9/2017,3,3,2.75,2.85,2.85,549500
5/10/2017,3,3,2.85,2.95,2.95,331700
5/11/2017,2.9,2.9,2.8,2.8,2.8,578200
5/12/2017,2.8,2.85,2.75,2.75,2.75,524200
5/15/2017,2.75,2.85,2.75,2.8,2.8,283400
5/16/2017,2.8,2.8,2.75,2.8,2.8,320100
5/17/2017,2.75,2.8,2.65,2.75,2.75,506500
5/18/2017,2.85,2.95,2.75,2.9,2.9,723000
5/19/2017,2.95,3,2.8,3,3,578500
5/22/2017,3,3.05,2.95,3,3,415400
5/23/2017,3.05,3.15,3,3.1,3.1,660700
5/24/2017,3.15,3.15,3.05,3.15,3.15,474600
5/25/2017,3.15,3.15,3.075,3.15,3.15,468500
5/26/2017,3.15,3.15,3,3.1,3.1,427400
5/30/2017,3.05,3.2,3.05,3.15,3.15,753000
5/31/2017,3.15,3.3,3.15,3.2,3.2,414100
6/1/2017,3.2,3.246,3.05,3.1,3.1,454000
6/2/2017,3.1,3.15,3,3.1,3.1,309100
6/5/2017,3.1,3.25,3.05,3.25,3.25,509200
6/6/2017,3.15,3.2,3.1,3.15,3.15,343400
6/7/2017,3.1,3.2,3.1,3.2,3.2,200300
6/8/2017,3.2,3.25,3.15,3.25,3.25,374300
6/9/2017,3.25,3.3,3.2,3.3,3.3,244200
6/12/2017,3.25,3.4,3.25,3.35,3.35,380600
6/13/2017,3.3,3.4,3.25,3.4,3.4,290300
6/14/2017,3.4,3.5,3.35,3.5,3.5,388400
6/15/2017,3.5,3.65,3.451,3.65,3.65,676200
6/16/2017,3.65,4,3.6,4,4,1766100
6/19/2017,4.15,4.35,4.099,4.35,4.35,1436200
6/20/2017,4.75,5.3,4.6,5.2,5.2,4427300
6/21/2017,5.1,5.4,4.6,5.4,5.4,2526400
6/22/2017,5.5,5.5,5.25,5.5,5.5,1376200
6/23/2017,5.5,5.7,5.35,5.7,5.7,1507300
6/26/2017,5.8,5.85,5.7,5.85,5.85,988800
6/27/2017,5.75,5.8,5.5,5.6,5.6,1102500
6/28/2017,5.6,5.85,5.4,5.85,5.85,1017400
6/29/2017,5.85,5.85,5.65,5.75,5.75,760100
6/30/2017,5.75,5.95,5.65,5.85,5.85,668400
7/3/2017,5.9,6.05,5.9,6.05,6.05,560400
7/5/2017,6.05,6.095,5.55,5.75,5.75,745500
7/6/2017,5.7,5.7,5.4,5.55,5.55,782600
7/7/2017,5.5,5.75,5.4,5.75,5.75,498800
7/10/2017,5.75,5.95,5.717,5.8,5.8,512000
7/11/2017,5.85,5.899,5.45,5.75,5.75,516600
7/12/2017,5.7,5.759,5.65,5.7,5.7,467600
7/13/2017,5.65,5.7,5.4,5.5,5.5,623400
7/14/2017,5.5,5.65,5.5,5.6,5.6,366600
7/17/2017,5.5,5.55,4.85,5.05,5.05,1693700
7/18/2017,5.15,5.45,5.15,5.35,5.35,621500
7/19/2017,5.35,5.475,5.3,5.4,5.4,420200
7/20/2017,5.4,5.5,5.25,5.3,5.3,427900
7/21/2017,5.35,5.35,5.15,5.3,5.3,364900
7/24/2017,5.3,5.4,5.206,5.4,5.4,330700
7/25/2017,5.35,5.6,5.3,5.4,5.4,490700
7/26/2017,5.4,5.45,5.35,5.35,5.35,152600
7/27/2017,5.35,5.45,5.276,5.35,5.35,379200
7/28/2017,5.45,5.5,5.35,5.4,5.4,401400
7/31/2017,5.45,5.45,5.05,5.15,5.15,578600
8/1/2017,5.15,5.25,5.05,5.2,5.2,223900
8/2/2017,5.2,5.2,4.9,4.95,4.95,355700
8/3/2017,4.9,4.975,4.8,4.85,4.85,288100
8/4/2017,4.85,5.15,4.8,5.05,5.05,468600
8/7/2017,5.05,5.15,5,5.1,5.1,261300
8/8/2017,5.1,5.15,5,5,5,474600
8/9/2017,4.65,5,4.45,4.9,4.9,695900
8/10/2017,4.75,4.85,4.5,4.65,4.65,785900
8/11/2017,4.55,4.75,4.5,4.75,4.75,339000
8/14/2017,4.75,4.85,4.65,4.75,4.75,363900
8/15/2017,4.75,4.85,4.55,4.8,4.8,466900
8/16/2017,4.8,4.8,4.7,4.7,4.7,197700
8/17/2017,4.65,4.8,4.65,4.7,4.7,292200
8/18/2017,4.65,4.8,4.65,4.75,4.75,295400
8/21/2017,4.7,4.75,4.55,4.65,4.65,260200
8/22/2017,4.65,4.7,4.6,4.65,4.65,177100
8/23/2017,4.65,4.75,4.65,4.75,4.75,318300
8/24/2017,4.75,5,4.65,4.95,4.95,507800
8/25/2017,4.95,5,4.75,4.75,4.75,358300
8/28/2017,4.75,4.75,4.55,4.7,4.7,401700
8/29/2017,4.7,5,4.55,4.95,4.95,960600
8/30/2017,5,5,4.8,4.85,4.85,517900
8/31/2017,4.9,4.95,4.75,4.75,4.75,340800
9/1/2017,4.75,5,4.75,5,5,226500
9/5/2017,4.95,4.95,4.7,4.75,4.75,373500
9/6/2017,4.75,4.85,4.7,4.85,4.85,374900
9/7/2017,4.8,4.85,4.75,4.8,4.8,102800
9/8/2017,4.8,4.818,4.7,4.8,4.8,172400
9/11/2017,4.75,4.8,4.7,4.75,4.75,252000
9/12/2017,4.75,4.95,4.6,4.6,4.6,481700
9/13/2017,4.6,4.8,4.6,4.6,4.6,360700
9/14/2017,4.5,4.5,4.25,4.3,4.3,930500
9/15/2017,4.35,4.35,4,4.1,4.1,1408700
9/18/2017,4.1,4.25,4.05,4.2,4.2,405400
9/19/2017,4.25,4.25,4.1,4.15,4.15,317100
9/20/2017,4.2,4.2,4.05,4.15,4.15,408700
9/21/2017,4.1,4.25,4.05,4.25,4.25,306300
9/22/2017,4.15,4.2,3.8,3.85,3.85,846100
9/25/2017,3.8,3.9,3.2,3.3,3.3,1461900
9/26/2017,3.4,3.425,3.2,3.25,3.25,832100
9/27/2017,3.4,3.45,3.3,3.3,3.3,881100
9/28/2017,3.35,3.45,3.3,3.45,3.45,545000
9/29/2017,3.45,3.5,3.35,3.4,3.4,744400
10/2/2017,3.45,3.45,3.4,3.45,3.45,364900
10/3/2017,3.4,3.7,3.4,3.65,3.65,495300
10/4/2017,3.65,3.8,3.6,3.6,3.6,598300
10/5/2017,3.6,3.65,3.55,3.65,3.65,218200
10/6/2017,3.6,3.85,3.55,3.8,3.8,289100
10/9/2017,3.85,3.892,3.6,3.65,3.65,287500
10/10/2017,3.7,3.825,3.65,3.8,3.8,419400
10/11/2017,3.8,3.85,3.65,3.75,3.75,252200
10/12/2017,3.7,3.8,3.65,3.7,3.7,324000
10/13/2017,3.75,3.8,3.7,3.75,3.75,182400
10/16/2017,3.8,3.8,3.7,3.75,3.75,175800
10/17/2017,3.7,3.75,3.65,3.7,3.7,193300
10/18/2017,3.7,3.95,3.65,3.8,3.8,576300
10/19/2017,3.8,3.8,3.65,3.75,3.75,188900
10/20/2017,3.75,3.8,3.6,3.75,3.75,197500
10/23/2017,3.75,3.85,3.711,3.85,3.85,155800
10/24/2017,3.8,3.85,3.751,3.8,3.8,154000
10/25/2017,3.85,3.85,3.7,3.8,3.8,169200
10/26/2017,3.85,3.85,3.6,3.65,3.65,219300
10/27/2017,3.65,3.75,3.55,3.75,3.75,295900
10/30/2017,3.65,3.75,3.625,3.7,3.7,171000
10/31/2017,3.75,3.75,3.7,3.75,3.75,197000
11/1/2017,3.7,3.75,3.45,3.45,3.45,512000
11/2/2017,3.5,3.7,3.5,3.7,3.7,306000
11/3/2017,3.75,3.8,3.65,3.8,3.8,261000
11/6/2017,3.9,4.2,3.85,4.15,4.15,607500
11/7/2017,4.25,4.275,3.8,3.9,3.9,632700
11/8/2017,3.8,3.9,3.55,3.75,3.75,444200
11/9/2017,3.75,3.8,3.65,3.8,3.8,216100
11/10/2017,3.75,3.9,3.75,3.85,3.85,158100
11/13/2017,3.8,3.85,3.75,3.8,3.8,155000
11/14/2017,3.8,3.85,3.7,3.75,3.75,96100
11/15/2017,3.75,3.799,3.55,3.6,3.6,364600
11/16/2017,3.65,3.7,3.3,3.45,3.45,689600
11/17/2017,3.45,3.5,3.351,3.45,3.45,275500
11/20/2017,3.5,3.55,3.4,3.55,3.55,251100
11/21/2017,3.5,3.6,3.45,3.6,3.6,193000
11/22/2017,3.6,3.675,3.55,3.6,3.6,175700
11/24/2017,3.6,3.7,3.55,3.7,3.7,124500
11/27/2017,3.7,3.75,3.65,3.65,3.65,332700
11/28/2017,3.6,3.7,3.55,3.6,3.6,210700
11/29/2017,3.6,3.65,3.35,3.45,3.45,393700
11/30/2017,3.5,3.6,3.45,3.55,3.55,265400
12/1/2017,3.6,3.6,3.35,3.35,3.35,359400
12/4/2017,3.45,3.5,3.35,3.35,3.35,305500
12/5/2017,3.4,3.45,3.35,3.35,3.35,171500
12/6/2017,3.35,3.4,3.15,3.25,3.25,597600
12/7/2017,3.4,3.45,3.2,3.4,3.4,278300
12/8/2017,3.45,3.5,3.45,3.5,3.5,183400
12/11/2017,3.4,3.5,3.4,3.45,3.45,238100
12/12/2017,3.4,3.55,3.4,3.55,3.55,504800
12/13/2017,3.55,3.7,3.55,3.7,3.7,474300
12/14/2017,3.65,3.775,3.65,3.75,3.75,529800
12/15/2017,3.75,4,3.75,3.95,3.95,978600
12/18/2017,4,4,3.75,3.9,3.9,431900
12/19/2017,3.85,4,3.8,4,4,471000
12/20/2017,4,4.05,3.95,4,4,203200
12/21/2017,4,4.05,3.85,4,4,222100
12/22/2017,3.95,4.05,3.9,4,4,163200
12/26/2017,4.05,4.05,3.9,3.95,3.95,154900
12/27/2017,3.95,4,3.9,4,4,118100
12/28/2017,4,4.05,3.9,4,4,269500
12/29/2017,4,4.05,3.9,4.05,4.05,340400
1/2/2018,4,4.05,3.95,3.95,3.95,238500
1/3/2018,4,4.2,4,4.15,4.15,299000
1/4/2018,4.2,4.25,4.05,4.15,4.15,310900
1/5/2018,4.2,4.25,4.1,4.2,4.2,205500
1/8/2018,4.2,4.2,4.05,4.2,4.2,172200
1/9/2018,4.2,4.2,4.1,4.15,4.15,224300
1/10/2018,4.1,4.15,4.1,4.15,4.15,177300
1/11/2018,4.15,4.175,4.1,4.1,4.1,333800
1/12/2018,4.15,4.15,4.05,4.1,4.1,211800
1/16/2018,4.15,4.15,4,4,4,291900
1/17/2018,4,4.1,3.95,4,4,275800
1/18/2018,3.9,3.9,3.7,3.75,3.75,622600
1/19/2018,3.7,3.75,3.6,3.7,3.7,292700
1/22/2018,3.75,3.75,3.5,3.55,3.55,580700
1/23/2018,3.9,3.9,3.731,3.75,3.75,1126000
1/24/2018,3.8,3.849,3.625,3.75,3.75,561600
1/25/2018,3.7,3.775,3.65,3.65,3.65,217800
1/26/2018,3.7,3.7,3.55,3.7,3.7,253700
1/29/2018,3.7,3.7,3.55,3.65,3.65,240900
1/30/2018,3.65,3.65,3.5,3.5,3.5,286700
1/31/2018,3.55,3.6,3.45,3.45,3.45,214600
2/1/2018,3.45,3.475,3.2,3.25,3.25,615400
2/2/2018,3.25,3.3,3.15,3.2,3.2,553400
2/5/2018,3.25,3.25,3.125,3.2,3.2,609400
2/6/2018,3.15,3.2,3.1,3.1,3.1,445800
2/7/2018,3.1,3.2,3.05,3.05,3.05,423100
2/8/2018,3.1,3.15,2.9,2.9,2.9,586200
2/9/2018,2.9,2.95,2.7,2.9,2.9,976200
2/12/2018,2.95,3.1,2.95,3,3,703200
2/13/2018,3.05,3.144,2.95,3,3,555600
2/14/2018,3,3.15,2.95,3.1,3.1,655600
2/15/2018,3.15,3.15,3.05,3.15,3.15,414600
2/16/2018,3.1,3.25,3.05,3.15,3.15,621100
2/20/2018,3.15,3.248,3.1,3.15,3.15,335000
2/21/2018,3.15,3.25,3.05,3.2,3.2,636300
2/22/2018,3.25,3.25,2.95,3.05,3.05,1351800
2/23/2018,3.05,3.1,2.975,3.05,3.05,420800
2/26/2018,3,3.15,3,3.05,3.05,342700
2/27/2018,3,3.1,3,3,3,280600
2/28/2018,3,3.05,2.95,3,3,280200
3/1/2018,2.95,3.1,2.95,3,3,474000
3/2/2018,3,3.1,2.95,3,3,345800
3/5/2018,3,3.05,2.9,3,3,461300
3/6/2018,3,3.05,2.95,3,3,604500
3/7/2018,3,3.05,2.95,3,3,444300
3/8/2018,3,3.25,2.85,3.2,3.2,1327200
3/9/2018,3.2,3.25,3.15,3.25,3.25,676900
3/12/2018,3.25,3.25,3.2,3.25,3.25,397600
3/13/2018,3.25,3.25,3.1,3.25,3.25,948000
3/14/2018,3.25,3.25,3.1,3.1,3.1,680100
3/15/2018,3.15,3.2,3.15,3.15,3.15,343200
3/16/2018,3.2,3.45,3.175,3.4,3.4,1277000
3/19/2018,3.4,3.45,3.25,3.35,3.35,630600
3/20/2018,3.4,3.9,3.4,3.7,3.7,1303500
3/21/2018,3.75,3.9,3.75,3.85,3.85,666900
3/22/2018,3.85,3.9,3.65,3.7,3.7,519200
3/23/2018,3.7,3.8,3.7,3.75,3.75,684500
3/26/2018,3.85,3.85,3.75,3.8,3.8,337100
3/27/2018,3.85,3.95,3.7,3.75,3.75,470700
3/28/2018,3.8,3.8,3.475,3.6,3.6,409400
3/29/2018,3.6,3.7,3.55,3.65,3.65,164900
4/2/2018,3.65,3.75,3.55,3.55,3.55,285600
4/3/2018,3.6,3.7,3.5,3.65,3.65,168600
4/4/2018,3.65,3.85,3.6,3.8,3.8,297100
4/5/2018,3.8,4,3.8,4,4,587800
4/6/2018,4,4.05,3.9,4,4,522300
4/9/2018,4.05,4.1,3.9,4.05,4.05,698700
4/10/2018,4.05,4.15,4.05,4.1,4.1,421600
4/11/2018,4.1,4.25,4.05,4.05,4.05,412600
4/12/2018,4.05,4.15,4,4.1,4.1,191600
4/13/2018,4.1,4.15,3.925,4,4,456000
4/16/2018,4,4.037,3.95,4,4,243600
4/17/2018,4,4.25,3.95,4.05,4.05,672100
4/18/2018,4.05,4.05,4,4,4,130500
4/19/2018,4.05,4.2,4.05,4.15,4.15,269500
4/20/2018,4.1,4.15,4.05,4.05,4.05,201100
4/23/2018,4.05,4.1,3.85,3.95,3.95,376800
4/24/2018,3.95,3.982,3.8,3.85,3.85,326700
4/25/2018,3.85,3.95,3.8,3.95,3.95,167400
4/26/2018,3.95,4.05,3.9,4,4,241400
4/27/2018,4,4.05,4,4,4,100700
4/30/2018,4.05,4.05,3.95,3.95,3.95,151300
5/1/2018,3.95,4,3.9,3.95,3.95,230300
5/2/2018,3.95,4,3.85,3.85,3.85,145100
5/3/2018,3.85,3.875,3.7,3.8,3.8,313400
5/4/2018,3.8,3.95,3.8,3.95,3.95,266800
5/7/2018,3.95,4.05,3.9,4,4,347200
5/8/2018,4,4.1,3.95,4,4,337600
5/9/2018,3.7,4.2,3.6,4,4,1394100
5/10/2018,4.1,4.5,4.05,4.5,4.5,1562900
5/11/2018,4.5,4.525,4.2,4.3,4.3,524100
5/14/2018,4.4,4.55,4.35,4.4,4.4,941100
5/15/2018,4.35,4.35,4.1,4.2,4.2,563400
5/16/2018,4.2,4.2,4.075,4.1,4.1,491800
5/17/2018,4.1,4.2,3.95,4.15,4.15,612600
5/18/2018,4.15,4.15,3.95,4,4,491600
5/21/2018,4,4.05,3.95,4,4,414300
5/22/2018,4.05,4.05,3.85,3.95,3.95,664500
5/23/2018,3.9,3.925,3.8,3.9,3.9,374500
5/24/2018,3.9,3.9,3.8,3.8,3.8,397000
5/25/2018,3.8,3.8,3.65,3.75,3.75,484800
5/29/2018,3.7,3.732,3.6,3.6,3.6,327600
5/30/2018,3.6,3.85,3.6,3.8,3.8,399300
5/31/2018,3.85,4.075,3.85,4,4,411400
6/1/2018,4,4.1,3.85,3.95,3.95,456500
6/4/2018,3.95,4,3.7,3.85,3.85,486200
6/5/2018,3.95,3.95,3.75,3.95,3.95,419200
6/6/2018,3.9,3.9,3.7,3.75,3.75,627500
6/7/2018,3.85,3.9,3.8,3.8,3.8,366000
6/8/2018,3.8,4,3.8,3.95,3.95,447400
6/11/2018,3.95,4,3.9,3.95,3.95,259500
6/12/2018,3.95,4.15,3.95,4.1,4.1,661400
6/13/2018,4.15,4.5,4.1,4.45,4.45,1468600
6/14/2018,4.5,5.05,4.5,5,5,1679100
6/15/2018,5,5.375,4.5,5.05,5.05,1655100
6/18/2018,5.05,5.348,5.05,5.25,5.25,627000
6/19/2018,5.2,5.35,4.9,5.25,5.25,899200
6/20/2018,5.25,5.3,4.95,5.05,5.05,601000
6/21/2018,5.05,5.05,4.9,5,5,509000
6/22/2018,5.2,5.4,5.05,5.35,5.35,1449000
6/25/2018,5.4,5.4,5.05,5.15,5.15,561300
6/26/2018,5.2,5.3,5.1,5.2,5.2,284300
6/27/2018,5.25,5.3,5.05,5.05,5.05,282500
6/28/2018,5.05,5.075,4.9,4.9,4.9,507200
6/29/2018,4.95,5.046,4.9,4.95,4.95,488000
7/2/2018,4.9,5.1,4.8,5.05,5.05,511700
7/3/2018,5.05,5.15,5.05,5.1,5.1,119600
7/5/2018,5.1,5.2,4.95,5.15,5.15,303700
7/6/2018,5.15,5.216,5.1,5.15,5.15,278700
7/9/2018,5.15,5.2,5.05,5.15,5.15,239500
7/10/2018,5.15,5.15,5.05,5.1,5.1,212600
7/11/2018,5.05,5.2,4.95,5.2,5.2,345200
7/12/2018,5.2,5.65,5.15,5.6,5.6,992900
7/13/2018,5.65,5.8,5.55,5.6,5.6,476200
7/16/2018,5.6,5.645,5.3,5.4,5.4,275000
7/17/2018,5.35,5.5,5.15,5.15,5.15,378500
7/18/2018,5.15,5.25,5.1,5.2,5.2,450300
7/19/2018,5.3,5.45,5.15,5.4,5.4,261500
7/20/2018,5.45,5.483,5.3,5.3,5.3,261000
7/23/2018,5.3,5.85,5.258,5.75,5.75,1675500
7/24/2018,5.85,6,5.65,5.7,5.7,848000
7/25/2018,5.75,5.95,5.65,5.9,5.9,319000
7/26/2018,5.9,6,5.85,6,6,331200
7/27/2018,5.9,5.95,5.65,5.75,5.75,512100
7/30/2018,5.75,5.775,5.6,5.6,5.6,372700
7/31/2018,5.65,5.85,5.6,5.7,5.7,250000
8/1/2018,5.7,5.75,5.5,5.6,5.6,317300
8/2/2018,5.6,5.7,5.5,5.7,5.7,211400
8/3/2018,5.7,5.749,5.5,5.55,5.55,315200
8/6/2018,5.5,5.5,5.4,5.45,5.45,245600
8/7/2018,5.5,5.55,5.4,5.55,5.55,436600
8/8/2018,5.9,6.15,5.2,5.35,5.35,1610500
8/9/2018,5.4,5.45,5.25,5.4,5.4,314100
8/10/2018,5.45,5.45,5.3,5.4,5.4,366300
8/13/2018,5.4,5.4,5.25,5.35,5.35,272900
8/14/2018,5.3,5.3,5.05,5.15,5.15,845300
8/15/2018,5.2,5.2,5.1,5.1,5.1,315300
8/16/2018,5.15,5.25,5.1,5.25,5.25,212100
8/17/2018,5.2,5.2,5.15,5.2,5.2,169600
8/20/2018,5.2,5.35,5.15,5.25,5.25,416100
8/21/2018,5.3,5.35,5.25,5.3,5.3,254300
8/22/2018,5.3,5.4,5.29,5.35,5.35,227600
8/23/2018,5.4,5.4,5.25,5.3,5.3,261700
8/24/2018,5.3,5.3,5.2,5.25,5.25,290600
8/27/2018,5.15,5.3,5.15,5.2,5.2,343300
8/28/2018,5.2,5.25,5.15,5.2,5.2,205800
8/29/2018,5.25,5.3,5.15,5.25,5.25,369700
8/30/2018,5.25,5.325,5.225,5.3,5.3,356200
8/31/2018,5.3,5.4,5.25,5.25,5.25,235800
9/4/2018,5.25,5.3,5.15,5.2,5.2,318000
9/5/2018,5.2,5.225,5.1,5.15,5.15,492800
9/6/2018,5.15,5.17,4.8,5.05,5.05,865400
9/7/2018,4.95,5.05,4.9,5,5,326600
9/10/2018,4.95,5.2,4.9,5.2,5.2,236100
9/11/2018,5.1,5.15,4.9,5.05,5.05,283900
9/12/2018,5.1,5.1,4.8,4.95,4.95,367900
9/13/2018,4.95,5,4.9,4.9,4.9,217500
9/14/2018,4.9,4.95,4.9,4.95,4.95,230800
9/17/2018,4.9,4.95,4.9,4.95,4.95,175700
9/18/2018,4.95,5.05,4.9,5,5,205900
9/19/2018,4.95,5.05,4.95,5,5,190900
9/20/2018,5.05,5.05,5,5,5,127100
9/21/2018,5,5.15,4.95,5.05,5.05,606700
9/24/2018,5,5.3,5,5.25,5.25,272300
9/25/2018,5.25,5.284,5.15,5.15,5.15,187100
9/26/2018,5.1,5.2,5.1,5.2,5.2,146800
9/27/2018,5.2,5.25,5.1,5.15,5.15,183200
9/28/2018,5.15,5.2,5.1,5.2,5.2,146200
10/1/2018,5.24,5.24,5.09,5.2,5.2,259100
10/2/2018,5.25,5.55,5.17,5.45,5.45,563100
10/3/2018,5.47,5.7,5.43,5.46,5.46,341900
10/4/2018,5.47,5.69,5.41,5.52,5.52,417600
10/5/2018,5.53,5.54,4.89,4.9,4.9,688000
10/8/2018,5,5.046,4.75,4.85,4.85,317500
10/9/2018,4.8,4.88,4.43,4.62,4.62,592600
10/10/2018,4.65,4.65,4.371,4.56,4.56,534100
10/11/2018,4.57,4.8,4.43,4.68,4.68,334700
10/12/2018,4.73,4.834,4.622,4.71,4.71,310300
10/15/2018,4.72,4.83,4.62,4.81,4.81,188600
10/16/2018,4.84,5.11,4.8,5.07,5.07,312000
10/17/2018,5.06,5.29,5.06,5.21,5.21,318700
10/18/2018,5.19,5.25,5.11,5.21,5.21,149400
10/19/2018,5.23,5.4,5.06,5.11,5.11,323500
10/22/2018,5.1,5.14,5.03,5.11,5.11,218900
10/23/2018,5.07,5.08,4.95,5.03,5.03,280200
10/24/2018,5.05,5.098,4.88,4.88,4.88,255100
10/25/2018,4.91,4.94,4.75,4.85,4.85,277200
10/26/2018,4.8,4.95,4.69,4.83,4.83,233700
10/29/2018,4.87,5,4.71,4.85,4.85,301600
10/30/2018,4.85,5.16,4.815,5.14,5.14,285500
10/31/2018,5.2,5.33,5.11,5.19,5.19,383700
11/1/2018,5.21,5.29,5.16,5.16,5.16,226500
11/2/2018,5.2,5.49,5.18,5.33,5.33,396800
11/5/2018,5.41,5.53,5.36,5.52,5.52,564300
11/6/2018,5.54,5.74,5.49,5.54,5.54,550400
11/7/2018,5.2,5.9,5.05,5.81,5.81,1292800
11/8/2018,5.81,5.95,5.62,5.87,5.87,796100
11/9/2018,5.86,5.86,5.66,5.81,5.81,420300
11/12/2018,5.8,5.88,5.63,5.64,5.64,523600
11/13/2018,5.62,5.74,5.45,5.61,5.61,618900
11/14/2018,5.66,5.81,5.42,5.54,5.54,472100
11/15/2018,5.51,5.65,5.4,5.56,5.56,338800
11/16/2018,5.53,5.8,5.512,5.76,5.76,348700
11/19/2018,5.72,5.921,5.6,5.86,5.86,607300
11/20/2018,5.79,6.1,5.75,6.07,6.07,1088400
11/21/2018,6.07,6.158,5.9,5.95,5.95,590800
11/23/2018,5.9,5.98,5.66,5.67,5.67,236700
11/26/2018,5.74,6.5,5.68,6.48,6.48,810100
11/27/2018,6.5,7.2,6.48,7,7,2376000
11/28/2018,7,7.44,6.785,7.02,7.02,1435500
11/29/2018,7,7.11,6.77,7,7,686500
11/30/2018,5.8,5.85,5.435,5.47,5.47,6894200
12/3/2018,5.55,5.72,5.48,5.57,5.57,1594200
12/4/2018,5.54,5.57,5.31,5.34,5.34,1410300
12/6/2018,5.32,5.42,4.94,5.4,5.4,1667600
12/7/2018,5.38,5.45,5.19,5.22,5.22,1418400
12/10/2018,5.13,5.4,5.12,5.28,5.28,653400
12/11/2018,5.4,5.44,5.05,5.12,5.12,831300
12/12/2018,5.15,5.29,4.98,5,5,1022600
12/13/2018,4.99,5.04,4.81,4.84,4.84,878200
12/14/2018,4.78,4.83,4.52,4.59,4.59,823800
12/17/2018,4.52,4.62,4.33,4.43,4.43,1069700
12/18/2018,4.44,4.5,4.4,4.45,4.45,796000
12/19/2018,4.43,4.5,4.31,4.33,4.33,1214000
12/20/2018,4.3,4.33,3.89,4,4,1323200
12/21/2018,3.99,4.05,3.8,3.87,3.87,1656000
12/24/2018,3.86,3.95,3.61,3.64,3.64,448300
12/26/2018,3.67,3.81,3.61,3.79,3.79,628700
12/27/2018,3.8,3.81,3.55,3.7,3.7,768700
12/28/2018,3.73,3.82,3.63,3.75,3.75,626400
12/31/2018,3.75,3.87,3.68,3.81,3.81,496800
1/2/2019,3.77,3.91,3.7,3.84,3.84,727400
1/3/2019,3.8,3.87,3.7,3.73,3.73,788100
1/4/2019,3.77,4,3.77,3.96,3.96,876100
1/7/2019,3.94,4.09,3.89,4.07,4.07,567100
1/8/2019,4.09,4.15,3.8,3.9,3.9,750200
1/9/2019,3.94,4.1,3.9,3.99,3.99,577400
1/10/2019,3.99,4.07,3.89,3.99,3.99,421400
1/11/2019,4,4.16,3.97,4.1,4.1,590600
1/14/2019,4.11,4.45,4.11,4.37,4.37,1006600
1/15/2019,4.39,4.44,4.04,4.06,4.06,1161200
1/16/2019,4.09,4.24,3.96,4.06,4.06,729900
1/17/2019,4.05,4.225,4.02,4.17,4.17,775800
1/18/2019,4.19,4.28,4.14,4.24,4.24,545900
1/22/2019,4.24,4.25,4.04,4.09,4.09,562400
1/23/2019,4.1,4.17,3.84,3.93,3.93,866000
1/24/2019,3.93,4,3.9,3.94,3.94,603000
1/25/2019,3.99,4.09,3.98,4.09,4.09,482000
1/28/2019,4.09,4.18,3.95,4.04,4.04,453100
1/29/2019,4.07,4.11,3.95,3.96,3.96,234000
1/30/2019,4,4.05,3.95,4.02,4.02,603100
1/31/2019,4.06,4.5,4.05,4.39,4.39,1841200
2/1/2019,4.42,4.56,4.19,4.29,4.29,901500
2/4/2019,4.31,4.39,4.23,4.38,4.38,696100
2/5/2019,4.38,4.48,4.285,4.38,4.38,634900
2/6/2019,4.38,4.46,4.32,4.41,4.41,381100
2/7/2019,4.4,4.6,4.3,4.31,4.31,1097300
2/8/2019,4.3,4.38,4.23,4.32,4.32,438700
2/11/2019,4.33,4.375,4.3,4.35,4.35,314600
2/12/2019,4.4,4.58,4.38,4.5,4.5,431200
2/13/2019,4.52,4.57,4.38,4.57,4.57,422100
2/14/2019,4.53,4.75,4.49,4.71,4.71,660000
2/15/2019,4.75,4.989,4.65,4.95,4.95,613300
2/19/2019,4.95,5.05,4.855,5.01,5.01,574800
2/20/2019,5.03,5.15,5,5.09,5.09,549900
2/21/2019,5.09,5.11,5.01,5.03,5.03,394700
2/22/2019,5.03,5.15,5.014,5.14,5.14,480100
2/25/2019,5.18,5.255,5.14,5.15,5.15,499800
2/26/2019,5.15,5.23,5,5.16,5.16,543400
2/27/2019,5.16,5.445,5.13,5.38,5.38,687800
2/28/2019,5.38,5.38,5.15,5.23,5.23,909400
3/1/2019,5.29,5.4,5.24,5.38,5.38,548500
3/4/2019,5.39,5.4,5.21,5.36,5.36,618500
3/5/2019,5.38,5.41,5.23,5.27,5.27,745100
3/6/2019,4.81,4.95,4.38,4.76,4.76,2799700
3/7/2019,4.73,4.84,4.6,4.76,4.76,584700
3/8/2019,4.66,4.809,4.54,4.75,4.75,664800
3/11/2019,4.75,5.02,4.65,4.94,4.94,1023000
3/12/2019,4.95,5.06,4.9,4.91,4.91,465700
3/13/2019,4.93,5.07,4.85,5.01,5.01,526800
3/14/2019,5.07,5.28,4.91,5.06,5.06,948100
3/15/2019,5.05,5.11,5,5.07,5.07,1441400
3/18/2019,5.09,5.27,5.09,5.13,5.13,684000
3/19/2019,5.17,5.19,5.105,5.18,5.18,494800
3/20/2019,5.17,5.33,5.12,5.26,5.26,588000
3/21/2019,5.22,5.31,5.08,5.15,5.15,840800
3/22/2019,5.11,5.12,4.8,4.85,4.85,858900
3/25/2019,4.85,4.91,4.67,4.81,4.81,636300
3/26/2019,4.85,4.87,4.68,4.78,4.78,470600
3/27/2019,4.79,4.815,4.69,4.79,4.79,451800
3/28/2019,4.8,4.97,4.79,4.94,4.94,345100
3/29/2019,4.98,5,4.8,4.97,4.97,616200
4/1/2019,4.99,5.11,4.92,5.11,5.11,821700
4/2/2019,5.08,5.13,4.97,5.1,5.1,732900
4/3/2019,5.1,5.19,5.03,5.09,5.09,625700
4/4/2019,5.09,5.165,5.045,5.07,5.07,280200
4/5/2019,5.07,5.264,5.07,5.22,5.22,484600
4/8/2019,5.21,5.23,5.08,5.19,5.19,400900
4/9/2019,5.17,5.22,5.13,5.15,5.15,300700
4/10/2019,5.15,5.37,5.14,5.34,5.34,562700
4/11/2019,5.34,5.655,5.33,5.52,5.52,805500
4/12/2019,5.57,5.575,5.38,5.43,5.43,519800
4/15/2019,5.44,5.468,5.36,5.45,5.45,217500
4/16/2019,5.47,5.5,5.39,5.46,5.46,288900
4/17/2019,5.5,5.61,5.425,5.6,5.6,377700
4/18/2019,5.6,5.755,5.45,5.48,5.48,429800
4/22/2019,5.48,5.76,5.38,5.74,5.74,371200
4/23/2019,5.7,5.91,5.64,5.87,5.87,898800
4/24/2019,5.87,5.99,5.87,5.91,5.91,606500
4/25/2019,5.93,6.115,5.78,5.9,5.9,985100
4/26/2019,5.87,6.005,5.87,5.99,5.99,386100
4/29/2019,5.99,6.03,5.78,5.81,5.81,429900
4/30/2019,5.48,5.52,5.2,5.41,5.41,1113900
5/1/2019,5.52,5.64,5.45,5.46,5.46,430800
5/2/2019,5.47,5.48,5.31,5.47,5.47,442800
5/3/2019,5.48,5.85,5.48,5.83,5.83,445700
5/6/2019,5.8,6.19,5.68,6.18,6.18,802500
5/7/2019,6.22,6.9,6.21,6.88,6.88,2595200
5/8/2019,6.94,7.327,6.72,7.24,7.24,2153100
5/9/2019,7.12,7.15,6.53,6.61,6.61,2011700
5/10/2019,6.45,6.7,5.62,6.42,6.42,1264200
5/13/2019,6.41,6.41,5.83,6.05,6.05,1464000
5/14/2019,6.1,6.62,6.06,6.54,6.54,1126000
5/15/2019,6.44,6.5,6.171,6.32,6.32,911400
5/16/2019,6.31,6.602,6.23,6.49,6.49,851000
5/17/2019,6.43,6.49,6.28,6.34,6.34,469400
5/20/2019,6.3,6.45,6.14,6.34,6.34,432400
5/21/2019,6.38,7.235,6.333,7.09,7.09,1449800
5/22/2019,7.07,7.366,7.01,7.16,7.16,1041400
5/23/2019,7.07,7.14,6.52,6.74,6.74,871100
5/24/2019,6.87,6.94,6.53,6.78,6.78,591300
5/28/2019,6.77,6.83,6.6,6.65,6.65,591800
5/29/2019,6.65,6.76,6.48,6.63,6.63,645000
5/30/2019,6.63,6.75,6.56,6.68,6.68,542400
5/31/2019,6.54,6.59,6.3,6.52,6.52,735200
6/3/2019,6.55,6.68,6.46,6.57,6.57,412200
6/4/2019,6.65,6.76,6.51,6.68,6.68,492500
6/5/2019,6.68,7,6.65,6.88,6.88,1016700
6/6/2019,6.83,6.89,6.7,6.84,6.84,618300
6/7/2019,6.84,6.96,6.75,6.84,6.84,573700
6/10/2019,6.89,7.39,6.875,7.24,7.24,1215600
6/11/2019,7.25,7.3,6.75,6.89,6.89,821000
6/12/2019,6.86,6.89,6.71,6.75,6.75,483100
6/13/2019,6.76,7.21,6.68,7.1,7.1,757800
6/14/2019,7.09,7.116,6.7,6.85,6.85,516900
6/17/2019,6.9,6.935,6.58,6.66,6.66,609000
6/18/2019,6.87,7.62,6.77,7.38,7.38,2670000
6/19/2019,7.45,7.53,7.26,7.49,7.49,836700
6/20/2019,7.6,7.84,7.27,7.42,7.42,940700
6/21/2019,7.36,7.44,7.1,7.27,7.27,1001100
6/24/2019,7.3,7.56,7.16,7.48,7.48,1128200
6/25/2019,7.5,7.68,6.91,6.96,6.96,1216600
6/26/2019,7.1,7.21,6.87,7.02,7.02,889800
6/27/2019,7.06,7.325,7.06,7.3,7.3,675900
6/28/2019,7.3,7.42,7.202,7.3,7.3,2245300
7/1/2019,7.5,7.89,7.32,7.88,7.88,1507700
7/2/2019,7.85,8.05,7.72,8.01,8.01,1525000
7/3/2019,8.01,8.4,7.994,8.1,8.1,940800
7/5/2019,8.15,8.17,7.85,7.99,7.99,918500
7/8/2019,7.96,8.126,7.87,7.95,7.95,844000
7/9/2019,7.88,8,7.68,7.82,7.82,782100
7/10/2019,7.82,7.83,7.55,7.76,7.76,750200
7/11/2019,7.79,7.85,7.54,7.58,7.58,530100
7/12/2019,7.64,7.95,7.57,7.92,7.92,652800
7/15/2019,7.98,7.98,7.72,7.87,7.87,602600
7/16/2019,7.81,8.25,7.71,8.18,8.18,1675600
7/17/2019,8.18,8.5,8.12,8.31,8.31,1189700
7/18/2019,8.32,8.467,8.2,8.34,8.34,865500
7/19/2019,8.34,8.38,8.095,8.16,8.16,780000
7/22/2019,8.19,8.235,7.875,8.11,8.11,887600
7/23/2019,8.14,8.17,7.8,8.16,8.16,676500
7/24/2019,8.09,8.13,7.85,8.03,8.03,748500
7/25/2019,7.97,8.14,7.83,7.89,7.89,710600
7/26/2019,7.97,7.97,7.75,7.96,7.96,538000
7/29/2019,8.01,8.05,7.75,7.95,7.95,630300
7/30/2019,7.9,8.22,7.84,8.13,8.13,692200
7/31/2019,8.19,8.51,8.12,8.25,8.25,1380800
8/1/2019,8.52,9.02,8.41,8.69,8.69,1907300
8/2/2019,8.75,8.88,8.43,8.67,8.67,1176700
8/5/2019,8.5,8.5,7.985,8.31,8.31,1315900
8/6/2019,8.38,8.588,8.19,8.4,8.4,910700
8/7/2019,8.65,9.52,8.545,9.45,9.45,2694100
8/8/2019,9.48,9.82,9.05,9.3,9.3,2687600
8/9/2019,8.5,8.95,7.221,7.52,7.52,5524100
8/12/2019,7.63,7.7,7.45,7.51,7.51,1736900
8/13/2019,7.48,7.69,7.12,7.47,7.47,2102500
8/14/2019,7.31,7.65,7.23,7.61,7.61,1998600
8/15/2019,7.62,7.62,7.21,7.36,7.36,1670700
8/16/2019,7.42,8,7.42,7.98,7.98,1354200
8/19/2019,8.1,8.42,8.048,8.29,8.29,1158300
8/20/2019,8.49,8.68,8.3,8.65,8.65,1079300
8/21/2019,8.77,8.81,8.43,8.5,8.5,1036300
8/22/2019,8.49,8.56,8.26,8.39,8.39,923900
8/23/2019,8.3,8.384,7.8,7.84,7.84,1356700
8/26/2019,7.9,8.04,7.76,8.03,8.03,1049900
8/27/2019,8.03,8.174,7.66,7.81,7.81,968200
8/28/2019,7.77,7.88,7.59,7.83,7.83,1433800
8/29/2019,7.9,7.99,7.61,7.8,7.8,839500
8/30/2019,7.81,8.07,7.65,8.06,8.06,1165400
9/3/2019,8.05,8.45,7.98,8.31,8.31,1496900
9/4/2019,8.31,8.43,8.11,8.25,8.25,1112900
9/5/2019,8.32,8.45,8.11,8.26,8.26,980300
9/6/2019,8.22,8.26,7.85,7.9,7.9,1328700
9/9/2019,7.9,7.92,7.21,7.36,7.36,2610100
9/10/2019,7.35,7.43,7.07,7.12,7.12,1269600
9/11/2019,7.12,7.39,7.05,7.34,7.34,745100
9/12/2019,7.36,7.48,7.185,7.39,7.39,802200
9/13/2019,7.38,7.631,7.311,7.55,7.55,894800
9/16/2019,7.65,7.76,7.55,7.66,7.66,862300
9/17/2019,7.67,8.19,7.65,7.99,7.99,1117000
9/18/2019,8.05,8.2,7.785,7.92,7.92,862900
9/19/2019,7.96,8.15,7.91,7.93,7.93,778200
9/20/2019,7.94,7.97,7.64,7.78,7.78,1177400
9/23/2019,7.78,7.99,7.6,7.97,7.97,741100
9/24/2019,8,8,7.405,7.46,7.46,1634500
9/25/2019,7.43,7.62,7.23,7.28,7.28,1454900
9/26/2019,7.23,7.235,6.53,6.69,6.69,2578300
9/27/2019,6.52,6.6,5.86,6.55,6.55,5228900
9/30/2019,6.37,6.68,6.08,6.54,6.54,3129400
10/1/2019,6.55,6.89,6.35,6.38,6.38,2649900
10/2/2019,6.32,6.62,6.25,6.56,6.56,1599100
10/3/2019,6.55,6.64,6.25,6.64,6.64,1253100
10/4/2019,6.67,6.925,6.58,6.92,6.92,1089100
10/7/2019,6.88,7.12,6.83,6.98,6.98,2043200
10/8/2019,6.93,7.17,6.87,7.14,7.14,1174500
10/9/2019,7.17,7.22,6.77,6.81,6.81,1248300
10/10/2019,6.8,7.15,6.7,7.02,7.02,877700
10/11/2019,7.15,7.29,7.01,7.08,7.08,1121000
10/14/2019,7.08,7.15,6.91,6.96,6.96,593600
10/15/2019,7,7,6.8,6.96,6.96,569800
10/16/2019,6.91,6.92,6.51,6.65,6.65,1124500
10/17/2019,6.65,6.805,6.65,6.73,6.73,531500
10/18/2019,6.7,7.07,6.67,7.01,7.01,938900
10/21/2019,7.11,7.245,6.92,6.94,6.94,997500
10/22/2019,6.92,6.98,6.38,6.4,6.4,1156900
10/23/2019,6.42,6.558,6.195,6.38,6.38,1424300
10/24/2019,6.39,6.54,6.32,6.54,6.54,809900
10/25/2019,6.53,6.72,6.4,6.65,6.65,808300
10/28/2019,6.77,6.985,6.74,6.82,6.82,767300
10/29/2019,6.8,7.105,6.71,6.99,6.99,806500
10/30/2019,6.9,6.99,6.74,6.97,6.97,705100
10/31/2019,6.94,7.17,6.86,7.01,7.01,767700
11/1/2019,7.03,7.1,6.93,7.04,7.04,522800
11/4/2019,7.05,7.1,6.66,6.66,6.66,886300
11/5/2019,6.71,6.85,6.51,6.77,6.77,929600
11/6/2019,6.78,6.891,6.51,6.64,6.64,1126900
11/7/2019,6.72,7.41,6.705,7.09,7.09,2273000
11/8/2019,7.09,7.26,6.91,7.16,7.16,911100
11/11/2019,7.15,7.26,6.85,6.91,6.91,836200
11/12/2019,6.94,7.035,6.85,6.91,6.91,489000
11/13/2019,6.9,6.92,6.545,6.59,6.59,1224800
11/14/2019,6.58,6.7,6.47,6.67,6.67,772600
11/15/2019,6.7,6.8,6.63,6.8,6.8,771500
11/18/2019,6.83,6.85,6.6,6.7,6.7,726000
11/19/2019,6.69,6.74,6.465,6.52,6.52,986200
11/20/2019,6.5,6.52,6.25,6.39,6.39,1060300
11/21/2019,6.45,6.475,6.32,6.47,6.47,526400
11/22/2019,6.5,7,6.46,6.97,6.97,1087300
11/25/2019,7.01,7.396,6.9,7.27,7.27,1182300
11/26/2019,7.29,7.56,7.21,7.28,7.28,1068700
11/27/2019,7.3,7.46,7.14,7.44,7.44,498300
11/29/2019,7.4,7.45,7.31,7.35,7.35,234400
12/2/2019,7.39,7.41,7.175,7.23,7.23,494800
12/3/2019,7.14,7.22,6.96,7.19,7.19,470700
12/4/2019,7.22,7.38,7.11,7.31,7.31,720300
12/5/2019,7.31,7.51,7.28,7.29,7.29,771200
12/6/2019,7.26,7.39,7.14,7.34,7.34,645800
12/9/2019,7.38,7.45,7.18,7.19,7.19,454700
12/10/2019,7.14,7.15,6.76,6.85,6.85,1290100
12/11/2019,6.9,7.11,6.712,7.1,7.1,875900
12/12/2019,7.12,7.79,7.08,7.75,7.75,2327900
12/13/2019,7.74,7.96,7.58,7.7,7.7,1209800
12/16/2019,7.77,8,7.66,7.8,7.8,950300
12/17/2019,7.79,7.85,7.63,7.74,7.74,742300
12/18/2019,7.77,7.82,7.68,7.72,7.72,558800
12/19/2019,7.71,8,7.68,7.87,7.87,733100
12/20/2019,7.95,7.99,7.62,7.7,7.7,1113000
12/23/2019,7.74,7.8,7.55,7.58,7.58,607900
12/24/2019,7.54,7.7,7.47,7.64,7.64,461300
12/26/2019,7.71,7.935,7.71,7.87,7.87,583200
12/27/2019,7.85,7.87,7.745,7.76,7.76,426400
12/30/2019,7.75,7.78,7.37,7.37,7.37,950400
12/31/2019,7.36,7.45,7.16,7.26,7.26,907200
1/2/2020,7.35,7.68,7.325,7.57,7.57,1195600
1/3/2020,7.56,8,7.39,7.79,7.79,1507800
1/6/2020,7.77,7.93,7.48,7.7,7.7,1064500
1/7/2020,7.66,7.815,7.57,7.76,7.76,795500
1/8/2020,7.77,8.01,7.76,7.93,7.93,908800
1/9/2020,8,8.345,7.96,8.15,8.15,1084400
1/10/2020,8.19,8.22,7.91,7.96,7.96,795900
1/13/2020,8.03,8.245,7.92,8.2,8.2,1153700
1/14/2020,8.23,8.3,8.08,8.25,8.25,813000
1/15/2020,8.29,8.35,8.15,8.33,8.33,827100
1/16/2020,8.45,8.62,8.39,8.6,8.6,850900
1/17/2020,8.66,9.02,8.66,8.85,8.85,1574000
1/21/2020,8.94,8.99,8.631,8.87,8.87,1071000
